Time,Distance
08:00,1296.83
08:00,1763.08
08:01,680.07
08:01,1597.09
08:02,794.35
08:02,447.72
08:03,1950.73
08:03,862.9
08:04,522.84
08:04,748.53
08:05,596.05
08:05,1306.7
08:06,303.64
08:06,621.78
08:07,892.89
08:07,1442.78
08:08,1332.91
08:08,1434.03
08:09,1358.27
08:09,567.62
08:10,1339.67
08:10,1144.5
08:11,1626.05
08:11,290.39
08:12,1893.52
08:12,955.96
08:13,691.6
08:13,478.55
08:14,1921.83
08:14,789.46
08:15,280.4
08:15,1972.77
08:16,690.68
08:16,1850.08
08:17,1990.85
08:17,824.81
08:18,418.95
08:18,1755.86
08:19,1134.71
08:19,1779.33
08:20,1779.9
08:20,1370.58
08:21,1335.52
08:21,1484.62
08:22,1866.12
08:22,33.59
08:23,643.32
08:23,987.06
08:24,1898.98
08:24,1231.08
08:25,385.76
08:25,1701.41
08:26,110.67
08:26,1218.96
08:27,1616.51
08:27,188.8
08:28,936.95
08:28,1855.1
08:29,1486.09
08:29,771.65
08:30,1911.48
08:30,97.47
08:31,360.84
08:31,1742.26
08:32,1146.72
08:32,19.17
08:33,596.7
08:33,271.14
08:34,501.87
08:34,1987.76
08:35,1509.74
08:35,995.22
08:36,362.55
08:36,147.5
08:37,1246.86
08:37,698.09
08:38,1499.83
08:38,702.11
08:39,236.24
08:39,555.89
08:40,300.13
08:40,1795.71
08:41,1516.04
08:41,737.88
08:42,531.55
08:42,399.08
08:43,473.73
08:43,1413.79
08:44,825.19
08:44,1109.5
08:45,959.68
08:45,170.53
08:46,1423.92
08:46,1708.88
08:47,303.63
08:47,1450.7
08:48,573.71
08:48,790.49
08:49,1661.42
08:49,956.23
08:50,1328.05
08:50,446.89
08:51,1840.37
08:51,835.58
08:52,1043.3
08:52,1580.48
08:53,1560.63
08:53,1551.88
08:54,826.77
08:54,640.89
08:55,1057.41
08:55,226.23
08:56,259.06
08:56,1815.82
08:57,630.26
08:57,790.5
08:58,733.87
08:58,362.79
08:59,1018.49
08:59,509.84
09:00,285.6
09:00,109.44
09:01,1396.03
09:01,1553.05
09:02,581.1
09:02,645.77
09:03,240.24
09:03,1388.47
09:04,1785.83
09:04,940.49
09:05,1666.34
09:05,1235.76
09:06,1663.8
09:06,584.07
09:07,269.35
09:07,1088.7
09:08,285.57
09:08,1785.48
09:09,1419.2
09:09,123.08
09:10,621.67
09:10,327.16
09:11,775.04
09:11,1736.09
09:12,694.48
09:12,131.69
09:13,110.8
09:13,1840.35
09:14,1782.23
09:14,1151.18
09:15,359.85
09:15,1613.68
09:16,504.44
09:16,295.73
09:17,1.49
09:17,1195.77
09:18,1986.99
09:18,1447.26
09:19,1749.7
09:19,232.97
09:20,652.36
09:20,801.2
09:21,307.09
09:21,34.6
09:22,1436.66
09:22,1332.65
09:23,1280.52
09:23,1799.52
09:24,1663.99
09:24,430.93
09:25,1446.53
09:25,216.7
09:26,254.22
09:26,1810.98
09:27,1310.65
09:27,801.57
09:28,1291.65
09:28,555.06
09:29,1124.96
09:29,1154.3
09:30,1138.88
09:30,1831.02
09:31,479.68
09:31,671.03
09:32,1588.49
09:32,21.95
09:33,976.23
09:33,1064.0
09:34,1945.94
09:34,1546.25
09:35,1965.41
09:35,861.84
09:36,1935.75
09:36,226.93
09:37,33.38
09:37,922.25
09:38,279.59
09:38,445.93
09:39,717.85
09:39,1240.67
09:40,485.84
09:40,169.6
09:41,703.23
09:41,1174.82
09:42,1417.65
09:42,1922.83
09:43,1394.1
09:43,78.24
09:44,153.66
09:44,1675.08
09:45,1430.97
09:45,1753.12
09:46,1125.72
09:46,47.61
09:47,591.63
09:47,1456.44
09:48,133.98
09:48,328.01
09:49,584.53
09:49,1029.19
09:50,31.06
09:50,1550.38
09:51,1359.32
09:51,394.1
09:52,269.6
09:52,1653.89
09:53,104.43
09:53,1988.97
09:54,184.44
09:54,1056.51
09:55,361.44
09:55,837.14
09:56,185.35
09:56,1126.85
09:57,291.75
09:57,1386.19
09:58,97.57
09:58,1849.89
09:59,253.2
09:59,757.77
10:00,1489.51
10:00,161.56
10:01,1921.0
10:01,75.48
10:02,360.86
10:02,300.19
10:03,1943.64
10:03,139.43
10:04,1292.63
10:04,1141.66
10:05,334.04
10:05,1488.8
10:06,1112.72
10:06,829.4
10:07,1824.87
10:07,943.28
10:08,1685.68
10:08,458.52
10:09,1654.91
10:09,1617.37
10:10,577.42
10:10,734.48
10:11,1579.7
10:11,380.46
10:12,674.27
10:12,861.5
10:13,1370.29
10:13,1036.02
10:14,1492.19
10:14,1583.97
10:15,21.48
10:15,145.8
10:16,31.43
10:16,1156.09
10:17,860.13
10:17,104.54
10:18,609.12
10:18,1391.53
10:19,1538.1
10:19,1934.94
10:20,577.56
10:20,1353.62
10:21,90.44
10:21,110.03
10:22,1863.82
10:22,165.44
10:23,202.71
10:23,641.34
10:24,800.57
10:24,1747.0
10:25,428.46
10:25,409.26
10:26,1576.71
10:26,861.61
10:27,177.0
10:27,727.85
10:28,1311.64
10:28,347.94
10:29,210.25
10:29,507.48
10:30,1350.93
10:30,1836.25
10:31,381.02
10:31,1497.05
10:32,918.84
10:32,1133.92
10:33,47.84
10:33,1406.57
10:34,771.24
10:34,1564.92
10:35,1272.64
10:35,1006.53
10:36,1762.72
10:36,54.55
10:37,599.49
10:37,1335.13
10:38,1966.49
10:38,560.21
10:39,605.66
10:39,1399.12
10:40,870.11
10:40,545.03
10:41,1571.21
10:41,108.71
10:42,503.19
10:42,1406.23
10:43,260.07
10:43,1865.55
10:44,632.29
10:44,901.35
10:45,1441.5
10:45,456.82
10:46,1029.85
10:46,198.75
10:47,1177.47
10:47,634.65
10:48,319.05
10:48,1972.51
10:49,1815.57
10:49,1276.92
10:50,374.56
10:50,1305.04
10:51,246.1
10:51,245.0
10:52,74.52
10:52,1832.37
10:53,45.83
10:53,1101.47
10:54,1702.58
10:54,855.03
10:55,1181.37
10:55,1165.61
10:56,1026.73
10:56,564.15
10:57,1114.59
10:57,890.18
10:58,594.15
10:58,97.3
10:59,1966.65
10:59,385.46
11:00,732.35
11:00,769.07
11:01,1534.52
11:01,1728.41
11:02,1305.74
11:02,373.78
11:03,998.17
11:03,1168.66
11:04,455.29
11:04,795.87
11:05,796.33
11:05,417.45
11:06,699.84
11:06,1911.02
11:07,388.67
11:07,1277.33
11:08,754.54
11:08,1790.59
11:09,172.41
11:09,1085.45
11:10,1670.75
11:10,1634.83
11:11,1929.88
11:11,134.07
11:12,77.71
11:12,1784.15
11:13,316.3
11:13,178.41
11:14,1827.39
11:14,590.41
11:15,83.46
11:15,1752.86
11:16,436.81
11:16,1800.27
11:17,360.98
11:17,465.4
11:18,144.73
11:18,807.37
11:19,186.3
11:19,950.26
11:20,946.22
11:20,127.61
11:21,411.32
11:21,1115.58
11:22,1460.27
11:22,297.26
11:23,1554.39
11:23,25.44
11:24,1092.05
11:24,1851.4
11:25,1451.26
11:25,1799.84
11:26,1130.43
11:26,799.0
11:27,1461.42
11:27,1211.74
11:28,802.65
11:28,1696.89
11:29,1221.96
11:29,47.88
11:30,515.0
11:30,1099.34
11:31,693.44
11:31,123.0
11:32,1235.68
11:32,1279.19
11:33,939.07
11:33,385.1
11:34,1897.11
11:34,1358.04
11:35,1516.38
11:35,1995.82
11:36,1571.94
11:36,1481.36
11:37,1030.56
11:37,902.8
11:38,168.12
11:38,944.99
11:39,718.2
11:39,373.72
11:40,1375.95
11:40,1248.05
11:41,1361.18
11:41,1760.64
11:42,1919.47
11:42,1028.25
11:43,319.31
11:43,1803.41
11:44,144.12
11:44,521.96
11:45,231.02
11:45,645.75
11:46,72.2
11:46,1356.55
11:47,1913.05
11:47,1674.72
11:48,1158.63
11:48,742.29
11:49,582.85
11:49,1055.12
11:50,1510.5
11:50,224.11
11:51,1772.29
11:51,867.1
11:52,1150.21
11:52,305.55
11:53,632.47
11:53,973.35
11:54,1216.41
11:54,703.0
11:55,585.4
11:55,753.66
11:56,928.37
11:56,351.16
11:57,975.04
11:57,569.84
11:58,1823.25
11:58,312.81
11:59,1097.44
11:59,740.64
13:00,1289.97
13:00,873.24
13:01,1610.85
13:01,1038.22
13:02,1944.21
13:02,560.15
13:03,878.21
13:03,46.77
13:04,1509.8
13:04,1056.0
13:05,959.57
13:05,619.69
13:06,1392.16
13:06,578.41
13:07,1756.35
13:07,295.71
13:08,1514.23
13:08,723.02
13:09,792.31
13:09,1247.06
13:10,883.42
13:10,1916.85
13:11,1410.5
13:11,1719.93
13:12,790.82
13:12,1464.37
13:13,1569.12
13:13,41.53
13:14,896.42
13:14,1546.09
13:15,1492.28
13:15,1296.16
13:16,172.95
13:16,1075.66
13:17,861.26
13:17,1261.69
13:18,444.23
13:18,1975.76
13:19,1377.66
13:19,338.31
13:20,1427.63
13:20,717.94
13:21,483.21
13:21,709.28
13:22,781.92
13:22,1115.87
13:23,1968.73
13:23,1598.1
13:24,1862.21
13:24,1828.34
13:25,1755.29
13:25,1430.19
13:26,1748.5
13:26,689.29
13:27,413.55
13:27,648.0
13:28,1908.05
13:28,1041.55
13:29,212.75
13:29,1468.11
13:30,1175.74
13:30,665.37
13:31,1320.07
13:31,264.38
13:32,1983.81
13:32,1848.23
13:33,964.91
13:33,130.04
13:34,1885.96
13:34,539.52
13:35,520.21
13:35,1319.29
13:36,1599.46
13:36,897.29
13:37,338.71
13:37,1865.33
13:38,993.1
13:38,512.02
13:39,664.44
13:39,757.74
13:40,1111.98
13:40,1635.02
13:41,1078.4
13:41,1853.82
13:42,90.44
13:42,1294.96
13:43,405.29
13:43,445.41
13:44,1711.79
13:44,632.28
13:45,1643.21
13:45,781.04
13:46,1115.03
13:46,257.99
13:47,726.3
13:47,130.91
13:48,845.06
13:48,1108.81
13:49,1673.66
13:49,1526.68
13:50,1677.42
13:50,848.72
13:51,1821.54
13:51,804.63
13:52,1715.34
13:52,610.68
13:53,17.09
13:53,1126.48
13:54,57.0
13:54,1669.43
13:55,761.05
13:55,1014.35
13:56,1881.82
13:56,1213.62
13:57,1336.14
13:57,345.21
13:58,1843.72
13:58,517.34
13:59,1893.4
13:59,1792.04
14:00,209.32
14:00,132.6
14:01,1786.31
14:01,1557.73
14:02,73.23
14:02,779.53
14:03,431.74
14:03,1544.83
14:04,1760.71
14:04,743.81
14:05,497.74
14:05,714.96
14:06,494.93
14:06,1184.38
14:07,1018.62
14:07,12.76
14:08,1506.54
14:08,52.95
14:09,1482.24
14:09,992.17
14:10,1710.41
14:10,327.06
14:11,1829.14
14:11,1225.1
14:12,654.52
14:12,1540.99
14:13,1207.04
14:13,997.18
14:14,1075.19
14:14,939.61
14:15,1228.12
14:15,11.71
14:16,1763.79
14:16,1440.8
14:17,1692.45
14:17,1774.43
14:18,983.1
14:18,356.41
14:19,516.45
14:19,151.42
14:20,427.72
14:20,309.77
14:21,246.91
14:21,190.15
14:22,456.98
14:22,945.46
14:23,1575.35
14:23,1442.53
14:24,1948.36
14:24,680.55
14:25,1678.61
14:25,1685.65
14:26,1144.01
14:26,963.08
14:27,1395.19
14:27,221.69
14:28,1185.51
14:28,866.71
14:29,1225.88
14:29,434.18
14:30,1867.58
14:30,1943.16
14:31,535.94
14:31,376.64
14:32,1448.41
14:32,408.36
14:33,1102.99
14:33,457.57
14:34,786.05
14:34,1157.6
14:35,1517.08
14:35,1723.25
14:36,295.57
14:36,312.24
14:37,19.5
14:37,629.88
14:38,1226.16
14:38,199.8
14:39,808.01
14:39,1193.57
14:40,1791.02
14:40,1250.2
14:41,1771.95
14:41,659.14
14:42,547.74
14:42,1488.6
14:43,149.82
14:43,830.46
14:44,950.42
14:44,1360.81
14:45,361.5
14:45,1466.93
14:46,1675.27
14:46,354.64
14:47,1941.83
14:47,1480.84
14:48,426.12
14:48,1954.35
14:49,1618.54
14:49,648.92
14:50,549.1
14:50,1145.33
14:51,877.2
14:51,1987.91
14:52,339.76
14:52,1078.03
14:53,1325.61
14:53,70.79
14:54,789.23
14:54,1314.87
14:55,1334.31
14:55,282.77
14:56,180.26
14:56,219.02
14:57,498.14
14:57,14.6
14:58,809.05
14:58,460.14
14:59,1998.13
14:59,797.41
15:00,219.61
15:00,15.27
15:01,260.04
15:01,1059.93
15:02,1101.46
15:02,1691.72
15:03,1617.49
15:03,1997.29
15:04,1592.16
15:04,500.42
15:05,1439.77
15:05,1873.03
15:06,1753.03
15:06,1450.99
15:07,915.83
15:07,1004.17
15:08,1612.69
15:08,393.07
15:09,125.63
15:09,35.25
15:10,435.81
15:10,1449.11
15:11,1311.39
15:11,1645.24
15:12,1018.36
15:12,1289.44
15:13,1699.24
15:13,1164.63
15:14,579.19
15:14,488.14
15:15,1116.01
15:15,866.13
15:16,1849.66
15:16,1552.9
15:17,1133.31
15:17,509.13
15:18,138.65
15:18,997.16
15:19,1305.51
15:19,1395.97
15:20,974.64
15:20,1414.0
15:21,1431.25
15:21,848.65
15:22,1416.37
15:22,359.61
15:23,784.73
15:23,1093.22
15:24,499.77
15:24,449.81
15:25,1302.24
15:25,565.17
15:26,870.71
15:26,1588.54
15:27,1359.91
15:27,784.6
15:28,1141.59
15:28,627.62
15:29,1156.29
15:29,1344.86
15:30,1378.25
15:30,1565.24
15:31,528.88
15:31,1693.23
15:32,379.64
15:32,850.97
15:33,199.25
15:33,962.04
15:34,934.51
15:34,3.19
15:35,1987.29
15:35,1277.4
15:36,878.8
15:36,1206.41
15:37,1434.48
15:37,102.89
15:38,25.18
15:38,1361.3
15:39,1936.72
15:39,1502.46
15:40,1446.23
15:40,1132.22
15:41,736.03
15:41,702.44
15:42,1278.63
15:42,1258.88
15:43,759.9
15:43,844.87
15:44,1515.61
15:44,1864.19
15:45,465.84
15:45,1812.23
15:46,3.58
15:46,1586.34
15:47,639.68
15:47,1075.33
15:48,1640.85
15:48,825.8
15:49,1391.74
15:49,1473.31
15:50,986.68
15:50,196.38
15:51,1414.68
15:51,808.28
15:52,134.45
15:52,1834.0
15:53,1259.24
15:53,133.8
15:54,651.5
15:54,1308.41
15:55,1509.04
15:55,545.03
15:56,1811.0
15:56,1206.11
15:57,411.58
15:57,273.13
15:58,1691.4
15:58,820.93
15:59,986.0
15:59,1512.85
16:00,265.12
16:00,509.84
16:01,387.12
16:01,810.43
16:02,44.16
16:02,1629.5
16:03,1062.08
16:03,1058.91
16:04,327.64
16:04,1452.33
16:05,1621.81
16:05,1893.59
16:06,1347.97
16:06,1612.14
16:07,320.01
16:07,285.39
16:08,1863.39
16:08,1859.43
16:09,669.28
16:09,905.28
16:10,269.01
16:10,717.69
16:11,1007.77
16:11,1012.37
16:12,291.36
16:12,1297.88
16:13,448.76
16:13,1796.39
16:14,1946.56
16:14,1239.3
16:15,37.32
16:15,1582.27
16:16,191.62
16:16,1956.05
16:17,1688.38
16:17,1278.09
16:18,962.7
16:18,1150.73
16:19,1061.08
16:19,1602.5
16:20,195.27
16:20,779.92
16:21,412.72
16:21,1366.55
16:22,1928.06
16:22,1925.39
16:23,584.67
16:23,492.39
16:24,928.31
16:24,754.14
16:25,233.42
16:25,468.58
16:26,1922.99
16:26,1757.63
16:27,1340.69
16:27,1833.25
16:28,110.15
16:28,646.29
16:29,298.92
16:29,1143.38
16:30,318.29
16:30,1358.88
16:31,1498.66
16:31,66.9
16:32,1193.76
16:32,357.37
16:33,68.5
16:33,1012.36
16:34,1448.18
16:34,834.77
16:35,1808.56
16:35,1022.72
16:36,883.5
16:36,743.61
16:37,837.85
16:37,1316.52
16:38,1031.65
16:38,1423.53
16:39,1260.37
16:39,1270.49
16:40,1913.25
16:40,551.41
16:41,804.4
16:41,1807.44
16:42,1121.05
16:42,1259.05
16:43,1201.55
16:43,936.33
16:44,15.46
16:44,926.19
16:45,64.67
16:45,635.63
16:46,735.26
16:46,596.4
16:47,674.63
16:47,806.5
16:48,755.79
16:48,813.84
16:49,1636.98
16:49,1019.54
16:50,632.49
16:50,1358.76
16:51,1639.72
16:51,908.72
16:52,261.43
16:52,526.29
16:53,77.16
16:53,338.42
16:54,413.33
16:54,1842.99
16:55,1894.13
16:55,1950.81
16:56,48.92
16:56,1261.8
16:57,827.07
16:57,228.87
16:58,1478.06
16:58,543.89
16:59,361.85
16:59,54.4
12:00,1373.18
12:00,200.74
12:01,937.77
12:01,529.72
12:02,1767.75
12:02,644.53
12:03,1717.41
12:03,837.77
12:04,824.26
12:04,485.36
12:05,772.09
12:05,403.26
12:06,1418.78
12:06,1950.55
12:07,1677.71
12:07,489.51
12:08,1324.19
12:08,765.0
12:09,835.07
12:09,1664.57
12:10,946.28
12:10,1000.06
12:11,519.35
12:11,1622.45
12:12,539.5
12:12,565.83
12:13,978.28
12:13,1857.25
12:14,1188.46
12:14,1996.96
12:15,1554.38
12:15,182.52
12:16,56.9
12:16,857.39
12:17,514.9
12:17,130.0
12:18,1640.42
12:18,1687.72
12:19,1640.58
12:19,1780.22
12:20,382.68
12:20,1177.07
12:21,1579.08
12:21,39.05
12:22,1252.51
12:22,223.93
12:23,881.48
12:23,1350.39
12:24,401.08
12:24,53.21
12:25,1587.88
12:25,974.32
12:26,870.49
12:26,852.84
12:27,883.86
12:27,997.98
12:28,1705.11
12:28,1670.67
12:29,1064.82
12:29,1677.58
12:30,482.92
12:30,1035.7
12:31,1850.21
12:31,765.87
12:32,7.0
12:32,1598.05
12:33,454.16
12:33,1787.91
12:34,69.69
12:34,1714.73
12:35,684.09
12:35,1613.91
12:36,994.38
12:36,290.76
12:37,1166.33
12:37,82.27
12:38,1272.23
12:38,1816.36
12:39,341.29
12:39,956.58
12:40,1657.75
12:40,19.98
12:41,1224.67
12:41,298.95
12:42,572.97
12:42,1036.2
12:43,928.12
12:43,989.4
12:44,893.71
12:44,1989.23
12:45,1545.98
12:45,648.86
12:46,1564.32
12:46,1977.52
12:47,931.22
12:47,1282.5
12:48,743.85
12:48,587.5
12:49,1388.45
12:49,1006.89
12:50,790.19
12:50,456.56
12:51,354.13
12:51,1069.62
12:52,619.1
12:52,493.17
12:53,880.41
12:53,226.89
12:54,1743.7
12:54,1448.35
12:55,1917.13
12:55,1214.53
12:56,735.6
12:56,1392.3
12:57,128.0
12:57,549.93
12:58,801.78
12:58,1679.37
12:59,1082.92
12:59,1881.73
17:00,434.86
17:00,1090.35
17:01,1496.64
17:01,1625.8
17:02,1648.27
17:02,1953.48
17:03,811.28
17:03,1783.28
17:04,1149.28
17:04,1884.63
17:05,1331.68
17:05,48.84
17:06,193.89
17:06,620.64
17:07,145.02
17:07,231.43
17:08,1254.96
17:08,288.89
17:09,125.76
17:09,1040.4
17:10,142.3
17:10,244.99
17:11,910.65
17:11,982.68
17:12,233.52
17:12,1456.49
17:13,59.75
17:13,1037.9
17:14,304.29
17:14,1762.14
17:15,348.85
17:15,103.49
17:16,1624.17
17:16,1557.2
17:17,1495.35
17:17,1537.55
17:18,1115.83
17:18,891.65
17:19,1136.42
17:19,1598.51
17:20,1552.25
17:20,892.22
17:21,1545.75
17:21,1641.35
17:22,990.08
17:22,1601.82
17:23,366.69
17:23,1870.56
17:24,372.94
17:24,377.25
17:25,836.58
17:25,1325.7
17:26,980.33
17:26,1013.7
17:27,217.42
17:27,444.08
17:28,645.77
17:28,641.06
17:29,843.06
17:29,146.97
17:30,380.28
17:30,390.6
17:31,829.69
17:31,562.53
17:32,332.29
17:32,289.09
17:33,1163.62
17:33,1810.32
17:34,1757.51
17:34,1609.28
17:35,1792.73
17:35,490.53
17:36,805.28
17:36,315.07
17:37,854.13
17:37,1286.67
17:38,1048.13
17:38,1599.52
17:39,1081.48
17:39,1614.59
17:40,1126.08
17:40,226.71
17:41,1316.29
17:41,1750.83
17:42,1492.61
17:42,1515.41
17:43,1056.18
17:43,841.6
17:44,1219.33
17:44,1380.52
17:45,1281.22
17:45,1547.31
17:46,30.2
17:46,1218.75
17:47,1486.39
17:47,718.41
17:48,783.27
17:48,1426.27
17:49,624.32
17:49,203.19
17:50,855.31
17:50,1963.79
17:51,391.08
17:51,1372.86
17:52,27.21
17:52,393.0
17:53,1811.8
17:53,1494.43
17:54,199.6
17:54,340.6
17:55,296.8
17:55,1261.76
17:56,1843.9
17:56,854.16
17:57,989.27
17:57,672.39
17:58,1883.19
17:58,783.73
17:59,505.69
17:59,1886.85
18:00,1990.47
18:00,937.51
18:01,1753.44
18:01,1730.03
18:02,1703.5
18:02,1213.57
18:03,495.06
18:03,476.13
18:04,1975.31
18:04,644.27
18:05,317.76
18:05,1791.48
18:06,1666.95
18:06,1705.41
18:07,1899.51
18:07,685.3
18:08,1998.97
18:08,803.85
18:09,941.97
18:09,206.5
18:10,1304.99
18:10,1143.2
18:11,1699.54
18:11,574.53
18:12,913.0
18:12,74.8
18:13,418.47
18:13,1143.43
18:14,1680.62
18:14,639.19
18:15,1687.57
18:15,1334.92
18:16,636.64
18:16,826.9
18:17,1106.18
18:17,1556.86
18:18,1780.36
18:18,249.67
18:19,1569.26
18:19,1420.48
18:20,1870.54
18:20,1025.0
18:21,1076.43
18:21,1594.76
18:22,1370.83
18:22,1792.2
18:23,741.6
18:23,115.05
18:24,1857.73
18:24,1869.81
18:25,1769.49
18:25,717.75
18:26,1398.64
18:26,27.97
18:27,559.08
18:27,378.1
18:28,1039.76
18:28,1695.6
18:29,1404.91
18:29,332.78
18:30,377.04
18:30,1603.1
18:31,362.75
18:31,1268.83
18:32,1174.61
18:32,1507.65
18:33,526.41
18:33,569.97
18:34,1583.16
18:34,1968.02
18:35,738.47
18:35,1762.26
18:36,653.56
18:36,206.8
18:37,1973.87
18:37,1115.76
18:38,1337.06
18:38,467.22
18:39,100.26
18:39,1698.18
18:40,727.76
18:40,65.86
18:41,1715.16
18:41,1010.66
18:42,402.19
18:42,1590.88
18:43,344.02
18:43,901.24
18:44,1664.82
18:44,753.16
18:45,1722.18
18:45,240.44
18:46,1691.89
18:46,790.78
18:47,1703.41
18:47,1216.9
18:48,957.69
18:48,749.8
18:49,1023.58
18:49,306.46
18:50,85.18
18:50,10.28
18:51,130.02
18:51,1552.68
18:52,1469.72
18:52,750.85
18:53,1903.81
18:53,558.94
18:54,1295.72
18:54,1318.89
18:55,284.41
18:55,239.9
18:56,1705.0
18:56,473.6
18:57,1521.02
18:57,11.31
18:58,1022.88
18:58,881.7
18:59,58.2
18:59,831.16
19:00,654.99
19:00,47.73
19:01,1091.65
19:01,1747.6
19:02,882.65
19:02,1793.99
19:03,570.65
19:03,226.14
19:04,1109.92
19:04,364.21
19:05,1471.8
19:05,1620.07
19:06,1607.23
19:06,5.47
19:07,1385.2
19:07,1473.83
19:08,987.86
19:08,620.86
19:09,1436.78
19:09,1631.85
19:10,1664.15
19:10,1196.95
19:11,934.26
19:11,405.4
19:12,1966.74
19:12,1856.21
19:13,509.85
19:13,644.16
19:14,412.68
19:14,1417.6
19:15,1071.08
19:15,1208.74
19:16,988.39
19:16,979.2
19:17,205.78
19:17,512.29
19:18,1564.52
19:18,833.34
19:19,1633.25
19:19,783.65
19:20,1020.27
19:20,270.7
19:21,599.2
19:21,1713.15
19:22,214.99
19:22,52.23
19:23,848.45
19:23,1427.17
19:24,1209.94
19:24,1932.06
19:25,121.23
19:25,798.54
19:26,479.68
19:26,190.55
19:27,1855.4
19:27,1771.66
19:28,907.3
19:28,1622.42
19:29,1378.62
19:29,1688.48
19:30,1368.62
19:30,1554.59
19:31,1058.06
19:31,1413.81
19:32,1733.48
19:32,652.52
19:33,1241.96
19:33,54.46
19:34,827.94
19:34,446.36
19:35,1245.37
19:35,289.14
19:36,1525.78
19:36,1993.7
19:37,1789.21
19:37,498.19
19:38,862.37
19:38,1816.27
19:39,579.33
19:39,718.24
19:40,904.18
19:40,1524.11
19:41,1666.98
19:41,1971.93
19:42,131.22
19:42,1641.43
19:43,181.55
19:43,1105.68
19:44,23.03
19:44,140.12
19:45,1070.78
19:45,753.18
19:46,556.97
19:46,1953.26
19:47,1674.08
19:47,512.87
19:48,232.02
19:48,1268.79
19:49,987.04
19:49,818.49
19:50,1958.4
19:50,696.15
19:51,1442.77
19:51,1186.49
19:52,205.47
19:52,1697.52
19:53,494.79
19:53,1163.3
19:54,1518.7
19:54,1765.88
19:55,567.86
19:55,1323.61
19:56,704.3
19:56,1511.43
19:57,1380.37
19:57,1350.57
19:58,1317.73
19:58,1805.45
19:59,386.0
19:59,1232.43
20:00,800.09
20:00,1605.7
20:01,460.52
20:01,1554.23
20:02,139.99
20:02,831.12
20:03,809.61
20:03,185.95
20:04,102.37
20:04,791.02
20:05,1112.54
20:05,353.56
20:06,25.1
20:06,1264.64
20:07,541.52
20:07,976.27
20:08,1585.4
20:08,1082.91
20:09,44.9
20:09,794.81
20:10,437.49
20:10,1108.63
20:11,1860.29
20:11,339.23
20:12,1837.78
20:12,543.9
20:13,157.34
20:13,1403.25
20:14,1458.3
20:14,1817.57
20:15,403.3
20:15,1769.32
20:16,1684.41
20:16,1562.72
20:17,657.91
20:17,481.14
20:18,696.04
20:18,503.98
20:19,1733.45
20:19,1104.75
20:20,844.56
20:20,1707.17
20:21,1408.75
20:21,1580.03
20:22,357.43
20:22,752.61
20:23,46.17
20:23,135.51
20:24,245.27
20:24,1162.13
20:25,656.84
20:25,1736.07
20:26,1638.21
20:26,1767.68
20:27,245.02
20:27,1124.35
20:28,515.83
20:28,1356.68
20:29,249.93
20:29,1225.08
20:30,341.74
20:30,953.37
20:31,197.14
20:31,1167.9
20:32,23.44
20:32,1085.11
20:33,1270.08
20:33,323.91
20:34,686.89
20:34,812.58
20:35,546.0
20:35,1911.59
20:36,962.51
20:36,727.93
20:37,229.32
20:37,979.35
20:38,299.53
20:38,958.4
20:39,1497.98
20:39,109.85
20:40,1140.54
20:40,972.51
20:41,1246.19
20:41,597.05
20:42,716.97
20:42,1922.46
20:43,1467.04
20:43,30.09
20:44,670.21
20:44,935.67
20:45,1419.79
20:45,1300.4
20:46,849.46
20:46,1011.98
20:47,1577.79
20:47,1192.04
20:48,1939.96
20:48,1736.53
20:49,231.51
20:49,26.72
20:50,1268.53
20:50,16.07
20:51,717.67
20:51,497.39
20:52,807.56
20:52,1536.4
20:53,1098.42
20:53,550.39
20:54,64.03
20:54,1018.79
20:55,180.58
20:55,805.39
20:56,484.4
20:56,812.12
20:57,140.84
20:57,952.04
20:58,707.0
20:58,1177.55
20:59,1778.08
20:59,1838.26
21:00,371.83
21:00,1282.51
21:01,162.93
21:01,798.95
21:02,45.49
21:02,1526.57
21:03,1250.87
21:03,505.67
21:04,490.18
21:04,437.45
21:05,879.62
21:05,1987.75
21:06,1165.9
21:06,988.45
21:07,17.83
21:07,1535.71
21:08,441.21
21:08,780.17
21:09,832.85
21:09,1546.06
21:10,431.76
21:10,1960.24
21:11,1984.67
21:11,1654.62
21:12,1693.68
21:12,924.43
21:13,909.36
21:13,594.57
21:14,385.98
21:14,1833.58
21:15,1367.96
21:15,935.06
21:16,1032.77
21:16,804.25
21:17,805.2
21:17,1755.46
21:18,1928.33
21:18,1265.34
21:19,1553.06
21:19,213.69
21:20,1838.55
21:20,1669.52
21:21,1951.98
21:21,570.64
21:22,883.36
21:22,735.81
21:23,34.11
21:23,1769.23
21:24,395.36
21:24,1897.21
21:25,1767.07
21:25,1180.59
21:26,915.58
21:26,411.45
21:27,106.77
21:27,584.83
21:28,669.31
21:28,1275.03
21:29,1607.16
21:29,333.5
21:30,568.03
21:30,1390.88
21:31,1436.54
21:31,1671.31
21:32,1317.94
21:32,1545.51
21:33,979.59
21:33,1177.84
21:34,1968.06
21:34,954.75
21:35,552.95
21:35,1687.75
21:36,1993.44
21:36,599.1
21:37,318.17
21:37,322.22
21:38,350.78
21:38,570.2
21:39,901.86
21:39,1931.05
21:40,1524.94
21:40,1118.88
21:41,470.46
21:41,384.53
21:42,1364.99
21:42,290.87
21:43,1843.65
21:43,1026.08
21:44,443.31
21:44,1256.9
21:45,553.97
21:45,72.47
21:46,1980.66
21:46,5.07
21:47,614.25
21:47,1431.16
21:48,1694.5
21:48,1422.39
21:49,1189.63
21:49,706.65
21:50,271.86
21:50,186.78
21:51,1822.67
21:51,557.15
21:52,249.28
21:52,1574.9
21:53,836.85
21:53,1328.75
21:54,1557.59
21:54,1291.98
21:55,1743.16
21:55,1214.95
21:56,1667.38
21:56,1794.98
21:57,1199.17
21:57,1749.9
21:58,1032.05
21:58,1611.19
21:59,1542.2
21:59,157.06
